item_Id,serviceType,timestamp
1,compute,52
2,storage,48
3,databse,53
4,iam,23
5,networking,56
6,storage,57
7,compute,58
8,storage,59
9,databse,60
10,iam,61
11,networking,62
12,storage,63
13,compute,64
14,storage,65
15,databse,66
16,iam,67
17,networking,68
18,storage,69
19,compute,70
20,storage,71
21,databse,72
22,iam,73
23,networking,74
24,storage,75
25,compute,76
26,storage,77
27,databse,78
28,iam,79
29,networking,80
30,storage,81
31,compute,82
32,storage,83
33,databse,84
34,iam,85
35,networking,86
36,storage,87
37,compute,88
38,storage,89
39,databse,90
40,iam,91
41,networking,92
42,storage,93
43,compute,94
44,storage,95
45,databse,96
46,iam,97
47,networking,98
48,storage,99
49,compute,100
50,storage,101
51,databse,102
52,iam,103
53,networking,104
54,storage,105
55,compute,106
56,storage,107
57,databse,108
58,iam,109
59,networking,110
60,storage,111
61,compute,112
62,storage,113
63,databse,114
64,iam,115
65,networking,116
66,storage,117
67,compute,118
68,storage,119
69,databse,120
70,iam,121
71,networking,122
72,storage,123
73,compute,124
74,storage,125
75,databse,126
76,iam,127
77,networking,128
78,storage,129
79,compute,130
80,storage,131
81,databse,132
82,iam,133
83,networking,134
84,storage,135
85,compute,136
86,storage,137
87,databse,138
88,iam,139
89,networking,140
90,storage,141
91,compute,142
92,storage,143
93,databse,144
94,iam,145
95,networking,146
96,storage,147
97,compute,148
98,storage,149
99,databse,150
100,iam,151
101,networking,152
102,storage,153
103,compute,154
104,storage,155
105,databse,156
106,iam,157
107,networking,158
108,storage,159
109,compute,160
110,storage,161
111,databse,162
112,iam,163
113,networking,164
114,storage,165
115,compute,166
116,storage,167
117,databse,168
118,iam,169
119,networking,170
120,storage,171
121,compute,172
122,storage,173
123,databse,174
124,iam,175
125,networking,176
126,storage,177
127,compute,178
128,storage,179
129,databse,180
130,iam,181
131,networking,182
132,storage,183
133,compute,184
134,storage,185
135,databse,186
136,iam,187
137,networking,188
138,storage,189
139,compute,190
140,storage,191
141,databse,192
142,iam,193
143,networking,194
144,storage,195
145,compute,196
146,storage,197
147,databse,198
148,iam,199
149,networking,200
150,storage,201
151,compute,202
152,storage,203
153,databse,204
154,iam,205
155,networking,206
156,storage,207
157,compute,208
158,storage,209
159,databse,210
160,iam,211
161,networking,212
162,storage,213
163,compute,214
164,storage,215
165,databse,216
166,iam,217
167,networking,218
168,storage,219
169,compute,220
170,storage,221
171,databse,222
172,iam,223
173,networking,224
174,storage,225
175,compute,226
176,storage,227
177,databse,228
178,iam,229
179,networking,230
180,storage,231
181,compute,232
182,storage,233
183,databse,234
184,iam,235
185,networking,236
186,storage,237
187,compute,238
188,storage,239
189,databse,240
190,iam,241
191,networking,242
192,storage,243
193,compute,244
194,storage,245
195,databse,246
196,iam,247
197,networking,248
198,storage,249
199,compute,250
200,storage,251
201,databse,252
202,iam,253
203,networking,254
204,storage,255
205,compute,256
206,storage,257
207,databse,258
208,iam,259
209,networking,260
210,storage,261
211,compute,262
212,storage,263
213,databse,264
214,iam,265
215,networking,266
216,storage,267
217,compute,268
218,storage,269
219,databse,270
220,iam,271
221,networking,272
222,storage,273
223,compute,274
224,storage,275
225,databse,276
226,iam,277
227,networking,278
228,storage,279
229,compute,280
230,storage,281
231,databse,282
232,iam,283
233,networking,284
234,storage,285
235,compute,286
236,storage,287
237,databse,288
238,iam,289
239,networking,290
240,storage,291
241,compute,292
242,storage,293
243,databse,294
244,iam,295
245,networking,296
246,storage,297
247,compute,298
248,storage,299
249,databse,300
250,iam,301
251,networking,302
252,storage,303
253,compute,304
254,storage,305
255,databse,306
256,iam,307
257,networking,308
258,storage,309
259,compute,310
260,storage,311
261,databse,312
262,iam,313
263,networking,314
264,storage,315
265,compute,316
266,storage,317
267,databse,318
268,iam,319
269,networking,320
270,storage,321
271,compute,322
272,storage,323
273,databse,324
274,iam,325
275,networking,326
276,storage,327
277,compute,328
278,storage,329
279,databse,330
280,iam,331
281,networking,332
282,storage,333
283,compute,334
284,storage,335
285,databse,336
286,iam,337
287,networking,338
288,storage,339
289,compute,340
290,storage,341
291,databse,342
292,iam,343
293,networking,344
294,storage,345
295,compute,346
296,storage,347
297,databse,348
298,iam,349
299,networking,350
300,storage,351
301,compute,352
302,storage,353
303,databse,354
304,iam,355
305,networking,356
306,storage,357
307,compute,358
308,storage,359
309,databse,360
310,iam,361
311,networking,362
312,storage,363
313,compute,364
314,storage,365
315,databse,366
316,iam,367
317,networking,368
318,storage,369
319,compute,370
320,storage,371
321,databse,372
322,iam,373
323,networking,374
324,storage,375
325,compute,376
326,storage,377
327,databse,378
328,iam,379
329,networking,380
330,storage,381
331,compute,382
332,storage,383
333,databse,384
334,iam,385
335,networking,386
336,storage,387
337,compute,388
338,storage,389
339,databse,390
340,iam,391
341,networking,392
342,storage,393
343,compute,394
344,storage,395
345,databse,396
346,iam,397
347,networking,398
348,storage,399
349,compute,400
350,storage,401
351,databse,402
352,iam,403
353,networking,404
354,storage,405
355,compute,406
356,storage,407
357,databse,408
358,iam,409
359,networking,410
360,storage,411
361,compute,412
362,storage,413
363,databse,414
364,iam,415
365,networking,416
366,storage,417
367,compute,418
368,storage,419
369,databse,420
370,iam,421
371,networking,422
372,storage,423
373,compute,424
374,storage,425
375,databse,426
376,iam,427
377,networking,428
378,storage,429
379,compute,430
380,storage,431
381,databse,432
382,iam,433
383,networking,434
384,storage,435
385,compute,436
386,storage,437
387,databse,438
388,iam,439
389,networking,440
390,storage,441
391,compute,442
392,storage,443
393,databse,444
394,iam,445
395,networking,446
396,storage,447
397,compute,448
398,storage,449
399,databse,450
400,iam,451
401,networking,452
402,storage,453
403,compute,454
404,storage,455
405,databse,456
406,iam,457
407,networking,458
408,storage,459
409,compute,460
410,storage,461
411,databse,462
412,iam,463
413,networking,464
414,storage,465
415,compute,466
416,storage,467
417,databse,468
418,iam,469
419,networking,470
420,storage,471
421,compute,472
422,storage,473
423,databse,474
424,iam,475
425,networking,476
426,storage,477
427,compute,478
428,storage,479
429,databse,480
430,iam,481
431,networking,482
432,storage,483
433,compute,484
434,storage,485
435,databse,486
436,iam,487
437,networking,488
438,storage,489
439,compute,490
440,storage,491
441,databse,492
442,iam,493
443,networking,494
444,storage,495
445,compute,496
446,storage,497
447,databse,498
448,iam,499
449,networking,500
450,storage,501
451,compute,502
452,storage,503
453,databse,504
454,iam,505
455,networking,506
456,storage,507
457,compute,508
458,storage,509
459,databse,510
460,iam,511
461,networking,512
462,storage,513
463,compute,514
464,storage,515
465,databse,516
466,iam,517
467,networking,518
468,storage,519
469,compute,520
470,storage,521
471,databse,522
472,iam,523
473,networking,524
474,storage,525
475,compute,526
476,storage,527
477,databse,528
478,iam,529
479,networking,530
480,storage,531
481,compute,532
482,storage,533
483,databse,534
484,iam,535
485,networking,536
486,storage,537
487,compute,538
488,storage,539
489,databse,540
490,iam,541
491,networking,542
492,storage,543
493,compute,544
494,storage,545
495,databse,546
496,iam,547
497,networking,548
498,storage,549
499,compute,550
500,storage,551
501,databse,552
502,iam,553
503,networking,554
504,storage,555
505,compute,556
506,storage,557
507,databse,558
508,iam,559
509,networking,560
510,storage,561
511,compute,562
512,storage,563
513,databse,564
514,iam,565
515,networking,566
516,storage,567
517,compute,568
518,storage,569
519,databse,570
520,iam,571
521,networking,572
522,storage,573
523,compute,574
524,storage,575
525,databse,576
526,iam,577
527,networking,578
528,storage,579
529,compute,580
530,storage,581
531,databse,582
532,iam,583
533,networking,584
534,storage,585
535,compute,586
536,storage,587
537,databse,588
538,iam,589
539,networking,590
540,storage,591
541,compute,592
542,storage,593
543,databse,594
544,iam,595
545,networking,596
546,storage,597
547,compute,598
548,storage,599
549,databse,600
550,iam,601
551,networking,602
552,storage,603
553,compute,604
554,storage,605
555,databse,606
556,iam,607
557,networking,608
558,storage,609
559,compute,610
560,storage,611
561,databse,612
562,iam,613
563,networking,614
564,storage,615
565,compute,616
566,storage,617
567,databse,618
568,iam,619
569,networking,620
570,storage,621
571,compute,622
572,storage,623
573,databse,624
574,iam,625
575,networking,626
576,storage,627
577,compute,628
578,storage,629
579,databse,630
580,iam,631
581,networking,632
582,storage,633
583,compute,634
584,storage,635
585,databse,636
586,iam,637
587,networking,638
588,storage,639
589,compute,640
590,storage,641
591,databse,642
592,iam,643
593,networking,644
594,storage,645
595,compute,646
596,storage,647
597,databse,648
598,iam,649
599,networking,650
600,storage,651
601,compute,652
602,storage,653
603,databse,654
604,iam,655
605,networking,656
606,storage,657
607,compute,658
608,storage,659
609,databse,660
610,iam,661
611,networking,662
612,storage,663
613,compute,664
614,storage,665
615,databse,666
616,iam,667
617,networking,668
618,storage,669
619,compute,670
620,storage,671
621,databse,672
622,iam,673
623,networking,674
624,storage,675
625,compute,676
626,storage,677
627,databse,678
628,iam,679
629,networking,680
630,storage,681
631,compute,682
632,storage,683
633,databse,684
634,iam,685
635,networking,686
636,storage,687
637,compute,688
638,storage,689
639,databse,690
640,iam,691
641,networking,692
642,storage,693
643,compute,694
644,storage,695
645,databse,696
646,iam,697
647,networking,698
648,storage,699
649,compute,700
650,storage,701
651,databse,702
652,iam,703
653,networking,704
654,storage,705
655,compute,706
656,storage,707
657,databse,708
658,iam,709
659,networking,710
660,storage,711
661,compute,712
662,storage,713
663,databse,714
664,iam,715
665,networking,716
666,storage,717
667,compute,718
668,storage,719
669,databse,720
670,iam,721
671,networking,722
672,storage,723
673,compute,724
674,storage,725
675,databse,726
676,iam,727
677,networking,728
678,storage,729
679,compute,730
680,storage,731
681,databse,732
682,iam,733
683,networking,734
684,storage,735
685,compute,736
686,storage,737
687,databse,738
688,iam,739
689,networking,740
690,storage,741
691,compute,742
692,storage,743
693,databse,744
694,iam,745
695,networking,746
696,storage,747
697,compute,748
698,storage,749
699,databse,750
700,iam,751
701,networking,752
702,storage,753
703,compute,754
704,storage,755
705,databse,756
706,iam,757
707,networking,758
708,storage,759
709,compute,760
710,storage,761
711,databse,762
712,iam,763
713,networking,764
714,storage,765
715,compute,766
716,storage,767
717,databse,768
718,iam,769
719,networking,770
720,storage,771
721,compute,772
722,storage,773
723,databse,774
724,iam,775
725,networking,776
726,storage,777
727,compute,778
728,storage,779
729,databse,780
730,iam,781
731,networking,782
732,storage,783
733,compute,784
734,storage,785
735,databse,786
736,iam,787
737,networking,788
738,storage,789
739,compute,790
740,storage,791
741,databse,792
742,iam,793
743,networking,794
744,storage,795
745,compute,796
746,storage,797
747,databse,798
748,iam,799
749,networking,800
750,storage,801
751,compute,802
752,storage,803
753,databse,804
754,iam,805
755,networking,806
756,storage,807
757,compute,808
758,storage,809
759,databse,810
760,iam,811
761,networking,812
762,storage,813
763,compute,814
764,storage,815
765,databse,816
766,iam,817
767,networking,818
768,storage,819
769,compute,820
770,storage,821
771,databse,822
772,iam,823
773,networking,824
774,storage,825
775,compute,826
776,storage,827
777,databse,828
778,iam,829
779,networking,830
780,storage,831
781,compute,832
782,storage,833
783,databse,834
784,iam,835
785,networking,836
786,storage,837
787,compute,838
788,storage,839
789,databse,840
790,iam,841
791,networking,842
792,storage,843
793,compute,844
794,storage,845
795,databse,846
796,iam,847
797,networking,848
798,storage,849
799,compute,850
800,storage,851
801,databse,852
802,iam,853
803,networking,854
804,storage,855
805,compute,856
806,storage,857
807,databse,858
808,iam,859
809,networking,860
810,storage,861
811,compute,862
812,storage,863
813,databse,864
814,iam,865
815,networking,866
816,storage,867
817,compute,868
818,storage,869
819,databse,870
820,iam,871
821,networking,872
822,storage,873
823,compute,874
824,storage,875
825,databse,876
826,iam,877
827,networking,878
828,storage,879
829,compute,880
830,storage,881
831,databse,882
832,iam,883
833,networking,884
834,storage,885
835,compute,886
836,storage,887
837,databse,888
838,iam,889
839,networking,890
840,storage,891
841,compute,892
842,storage,893
843,databse,894
844,iam,895
845,networking,896
846,storage,897
847,compute,898
848,storage,899
849,databse,900
850,iam,901
851,networking,902
852,storage,903
853,compute,904
854,storage,905
855,databse,906
856,iam,907
857,networking,908
858,storage,909
859,compute,910
860,storage,911
861,databse,912
862,iam,913
863,networking,914
864,storage,915
865,compute,916
866,storage,917
867,databse,918
868,iam,919
869,networking,920
870,storage,921
871,compute,922
872,storage,923
873,databse,924
874,iam,925
875,networking,926
876,storage,927
877,compute,928
878,storage,929
879,databse,930
880,iam,931
881,networking,932
882,storage,933
883,compute,934
884,storage,935
885,databse,936
886,iam,937
887,networking,938
888,storage,939
889,compute,940
890,storage,941
891,databse,942
892,iam,943
893,networking,944
894,storage,945
895,compute,946
896,storage,947
897,databse,948
898,iam,949
899,networking,950
900,storage,951
901,compute,952
902,storage,953
903,databse,954
904,iam,955
905,networking,956
906,storage,957
907,compute,958
908,storage,959
909,databse,960
910,iam,961
911,networking,962
912,storage,963
913,compute,964
914,storage,965
915,databse,966
916,iam,967
917,networking,968
918,storage,969
919,compute,970
920,storage,971
921,databse,972
922,iam,973
923,networking,974
924,storage,975
925,compute,976
926,storage,977
927,databse,978
928,iam,979
929,networking,980
930,storage,981
931,compute,982
932,storage,983
933,databse,984
934,iam,985
935,networking,986
936,storage,987
937,compute,988
938,storage,989
939,databse,990
940,iam,991
941,networking,992
942,storage,993
943,compute,994
944,storage,995
945,databse,996
946,iam,997
947,networking,998
948,storage,999
949,compute,1000
950,storage,1001
951,databse,1002
952,iam,1003
953,networking,1004
954,storage,1005
955,compute,1006
956,storage,1007
957,databse,1008
958,iam,1009
959,networking,1010
960,storage,1011
961,compute,1012
962,storage,1013
963,databse,1014
964,iam,1015
965,networking,1016
966,storage,1017
967,compute,1018
968,storage,1019
969,databse,1020
970,iam,1021
971,networking,1022
972,storage,1023
973,compute,1024
974,storage,1025
975,databse,1026
976,iam,1027
977,networking,1028
978,storage,1029
979,compute,1030
980,storage,1031
981,databse,1032
982,iam,1033
983,networking,1034
984,storage,1035
985,compute,1036
986,storage,1037
987,databse,1038
988,iam,1039
989,networking,1040
990,storage,1041
991,compute,1042
992,storage,1043
993,databse,1044
994,iam,1045
995,networking,1046
996,storage,1047
997,compute,1048
998,storage,1049
999,databse,1050
1000,iam,1051
1001,networking,1052
1002,storage,1053
1003,compute,1054
1004,storage,1055
1005,databse,1056
1006,iam,1057
1007,networking,1058
1008,storage,1059
1009,compute,1060
1010,storage,1061
1011,databse,1062
1012,iam,1063
1013,networking,1064
1014,storage,1065
1015,compute,1066
1016,storage,1067
1017,databse,1068
1018,iam,1069
1019,networking,1070
1020,storage,1071
1021,compute,87515
1022,networking,91334
1023,databse,51535
1024,databse,87098
1025,storage,62319
1026,iam,76980
1027,iam,83278
1028,databse,4867
1029,databse,69069
1030,iam,53640
1031,networking,24792
1032,storage,36643
1033,databse,51285
1034,databse,86007
1035,networking,43954
1036,databse,38652
1037,databse,95287
1038,databse,87854
1039,storage,86974
1040,storage,76573
1041,compute,2517
1042,iam,51064
1043,databse,73864
1044,compute,8261
1045,iam,28032
18,storage,94
19,IAM,54
20,IAM,51
21,storage,31
22,database,74
23,database,87
24,networking,67
25,database,88
26,storage,97
27,networking,24
28,storage,84
29,database,30
30,networking,36
6,database,37
7,database,90
8,networking,52
9,database,43
10,storage,90
11,IAM,73
12,IAM,98
13,IAM,48
14,storage,64
15,IAM,30
16,compute,46
17,networking,27
